Country of Origin,Visit Time,Main Interest,Device Used,IP Address
Guyana,2023-12-14 07:09:35.082281,Interest 1,Desktop,17.143.3.123
Guyana,2023-11-29 07:09:35.082298,Interest 1,Desktop,17.143.3.123
Guyana,2023-09-08 07:09:35.082303,Interest 1,Desktop,17.143.3.123
Guyana,2023-07-10 07:09:35.082307,Interest 1,Desktop,17.143.3.123
Guyana,2023-07-10 07:09:35.082311,Interest 1,Desktop,17.143.3.123
Guyana,2024-02-17 07:09:35.082315,Interest 1,Desktop,17.143.3.123
Guyana,2023-11-22 07:09:35.082319,Interest 1,Desktop,17.143.3.123
Guyana,2023-10-09 07:09:35.082322,Interest 1,Desktop,17.143.3.123
Tonga,2023-07-07 07:09:35.082342,Interest 4,Mobile,98.2.168.27
Tonga,2023-10-25 07:09:35.082347,Interest 4,Mobile,98.2.168.27
Tonga,2023-12-20 07:09:35.082350,Interest 4,Mobile,98.2.168.27
Tonga,2023-11-03 07:09:35.082354,Interest 4,Mobile,98.2.168.27
Tonga,2023-07-14 07:09:35.082357,Interest 4,Mobile,98.2.168.27
Tonga,2024-04-10 07:09:35.082361,Interest 4,Mobile,98.2.168.27
Tonga,2024-03-01 07:09:35.082364,Interest 4,Mobile,98.2.168.27
Tonga,2024-02-09 07:09:35.082368,Interest 4,Mobile,98.2.168.27
Tonga,2023-09-09 07:09:35.082371,Interest 4,Mobile,98.2.168.27
Tonga,2023-08-25 07:09:35.082375,Interest 4,Mobile,98.2.168.27
Tonga,2023-07-24 07:09:35.082378,Interest 4,Mobile,98.2.168.27
Tonga,2024-05-01 07:09:35.082381,Interest 4,Mobile,98.2.168.27
Tonga,2023-08-18 07:09:35.082385,Interest 4,Mobile,98.2.168.27
Tonga,2023-09-29 07:09:35.082388,Interest 4,Mobile,98.2.168.27
Tonga,2023-12-11 07:09:35.082392,Interest 4,Mobile,98.2.168.27
Tonga,2024-02-04 07:09:35.082395,Interest 4,Mobile,98.2.168.27
Tonga,2024-01-10 07:09:35.082398,Interest 4,Mobile,98.2.168.27
Tonga,2024-02-05 07:09:35.082402,Interest 4,Mobile,98.2.168.27
Tonga,2023-11-20 07:09:35.082405,Interest 4,Mobile,98.2.168.27
Oman,2024-02-21 07:09:35.082423,Interest 3,Tablet,29.99.47.9
Oman,2023-07-13 07:09:35.082427,Interest 3,Tablet,29.99.47.9
Oman,2023-09-29 07:09:35.082431,Interest 3,Tablet,29.99.47.9
Oman,2024-02-18 07:09:35.082434,Interest 3,Tablet,29.99.47.9
Oman,2023-07-01 07:09:35.082437,Interest 3,Tablet,29.99.47.9
Oman,2023-06-24 07:09:35.082441,Interest 3,Tablet,29.99.47.9
Oman,2023-07-08 07:09:35.082444,Interest 3,Tablet,29.99.47.9
Oman,2023-09-15 07:09:35.082447,Interest 3,Tablet,29.99.47.9
Oman,2023-09-20 07:09:35.082451,Interest 3,Tablet,29.99.47.9
Oman,2024-04-12 07:09:35.082454,Interest 3,Tablet,29.99.47.9
Oman,2023-09-15 07:09:35.082458,Interest 3,Tablet,29.99.47.9
Oman,2023-10-26 07:09:35.082461,Interest 3,Tablet,29.99.47.9
Oman,2024-04-24 07:09:35.082464,Interest 3,Tablet,29.99.47.9
Oman,2023-09-30 07:09:35.082468,Interest 3,Tablet,29.99.47.9
China,2023-07-17 07:09:35.082519,Interest 3,Tablet,143.158.205.56
China,2023-11-06 07:09:35.082542,Interest 3,Tablet,143.158.205.56
China,2024-01-07 07:09:35.082552,Interest 3,Tablet,143.158.205.56
China,2023-11-26 07:09:35.082559,Interest 3,Tablet,143.158.205.56
China,2024-02-14 07:09:35.082567,Interest 3,Tablet,143.158.205.56
China,2023-09-04 07:09:35.082573,Interest 3,Tablet,143.158.205.56
China,2023-06-23 07:09:35.082580,Interest 3,Tablet,143.158.205.56
China,2024-03-08 07:09:35.082587,Interest 3,Tablet,143.158.205.56
China,2023-10-26 07:09:35.082594,Interest 3,Tablet,143.158.205.56
China,2024-04-16 07:09:35.082601,Interest 3,Tablet,143.158.205.56
China,2024-02-11 07:09:35.082608,Interest 3,Tablet,143.158.205.56
China,2024-01-20 07:09:35.082615,Interest 3,Tablet,143.158.205.56
China,2023-07-22 07:09:35.082621,Interest 3,Tablet,143.158.205.56
China,2023-12-25 07:09:35.082629,Interest 3,Tablet,143.158.205.56
China,2023-06-20 07:09:35.082636,Interest 3,Tablet,143.158.205.56
China,2024-03-17 07:09:35.082643,Interest 3,Tablet,143.158.205.56
China,2024-02-23 07:09:35.082650,Interest 3,Tablet,143.158.205.56
China,2024-02-02 07:09:35.082657,Interest 3,Tablet,143.158.205.56
China,2023-10-09 07:09:35.082664,Interest 3,Tablet,143.158.205.56
China,2023-06-06 07:09:35.082671,Interest 3,Tablet,143.158.205.56
Niger,2023-07-23 07:09:35.082708,Interest 1,Desktop,165.4.88.122
Niger,2023-07-18 07:09:35.082768,Interest 1,Desktop,165.4.88.122
Niger,2023-12-27 07:09:35.082780,Interest 1,Desktop,165.4.88.122
Niger,2023-12-26 07:09:35.082787,Interest 1,Desktop,165.4.88.122
Niger,2023-07-27 07:09:35.082793,Interest 1,Desktop,165.4.88.122
Niger,2023-11-23 07:09:35.083507,Interest 1,Desktop,165.4.88.122
Niger,2023-11-30 07:09:35.083524,Interest 1,Desktop,165.4.88.122
Niger,2023-05-21 07:09:35.083531,Interest 1,Desktop,165.4.88.122
Niger,2023-12-05 07:09:35.083538,Interest 1,Desktop,165.4.88.122
Niger,2023-08-20 07:09:35.083545,Interest 1,Desktop,165.4.88.122
Niger,2023-11-22 07:09:35.083552,Interest 1,Desktop,165.4.88.122
Niger,2024-03-12 07:09:35.083559,Interest 1,Desktop,165.4.88.122
Niger,2023-12-29 07:09:35.083566,Interest 1,Desktop,165.4.88.122
Niger,2023-06-12 07:09:35.083573,Interest 1,Desktop,165.4.88.122
Niger,2023-12-05 07:09:35.083579,Interest 1,Desktop,165.4.88.122
Georgia,2024-05-10 07:09:35.083629,Interest 2,Desktop,147.36.86.173
Georgia,2023-06-01 07:09:35.083638,Interest 2,Desktop,147.36.86.173
Georgia,2023-11-19 07:09:35.083646,Interest 2,Desktop,147.36.86.173
Georgia,2024-05-01 07:09:35.083654,Interest 2,Desktop,147.36.86.173
Georgia,2024-02-15 07:09:35.083660,Interest 2,Desktop,147.36.86.173
Georgia,2023-09-23 07:09:35.083666,Interest 2,Desktop,147.36.86.173
Georgia,2024-04-02 07:09:35.083672,Interest 2,Desktop,147.36.86.173
Georgia,2023-10-09 07:09:35.083679,Interest 2,Desktop,147.36.86.173
Georgia,2024-02-16 07:09:35.083685,Interest 2,Desktop,147.36.86.173
Georgia,2024-02-12 07:09:35.083692,Interest 2,Desktop,147.36.86.173
Georgia,2024-01-21 07:09:35.083698,Interest 2,Desktop,147.36.86.173
Georgia,2023-11-01 07:09:35.083705,Interest 2,Desktop,147.36.86.173
Georgia,2024-04-14 07:09:35.083711,Interest 2,Desktop,147.36.86.173
Georgia,2024-04-24 07:09:35.083718,Interest 2,Desktop,147.36.86.173
Georgia,2023-06-03 07:09:35.083725,Interest 2,Desktop,147.36.86.173
Georgia,2023-06-24 07:09:35.083732,Interest 2,Desktop,147.36.86.173
Georgia,2024-03-18 07:09:35.083740,Interest 2,Desktop,147.36.86.173
Georgia,2024-01-30 07:09:35.083748,Interest 2,Desktop,147.36.86.173
Belgium,2023-07-29 07:09:35.083793,Interest 1,Desktop,88.106.54.71
Belgium,2024-03-08 07:09:35.083802,Interest 1,Desktop,88.106.54.71
Belgium,2023-10-09 07:09:35.083809,Interest 1,Desktop,88.106.54.71
Belgium,2024-04-29 07:09:35.083815,Interest 1,Desktop,88.106.54.71
Belgium,2024-02-12 07:09:35.083822,Interest 1,Desktop,88.106.54.71
Belgium,2024-03-23 07:09:35.083829,Interest 1,Desktop,88.106.54.71
Belgium,2024-04-18 07:09:35.083835,Interest 1,Desktop,88.106.54.71
Belgium,2024-04-09 07:09:35.083842,Interest 1,Desktop,88.106.54.71
Belgium,2023-08-17 07:09:35.083848,Interest 1,Desktop,88.106.54.71
Belgium,2023-12-07 07:09:35.083855,Interest 1,Desktop,88.106.54.71
Spain,2023-07-02 07:09:35.083889,Interest 1,Tablet,140.224.118.233
Spain,2023-07-01 07:09:35.083898,Interest 1,Tablet,140.224.118.233
Spain,2024-03-13 07:09:35.083905,Interest 1,Tablet,140.224.118.233
Spain,2023-07-05 07:09:35.083912,Interest 1,Tablet,140.224.118.233
Spain,2023-10-21 07:09:35.083918,Interest 1,Tablet,140.224.118.233
Spain,2024-01-28 07:09:35.083924,Interest 1,Tablet,140.224.118.233
Spain,2023-06-24 07:09:35.083931,Interest 1,Tablet,140.224.118.233
Spain,2024-02-11 07:09:35.083938,Interest 1,Tablet,140.224.118.233
Spain,2023-08-06 07:09:35.083944,Interest 1,Tablet,140.224.118.233
Spain,2023-06-13 07:09:35.083951,Interest 1,Tablet,140.224.118.233
Spain,2024-03-24 07:09:35.083958,Interest 1,Tablet,140.224.118.233
Spain,2023-08-04 07:09:35.083965,Interest 1,Tablet,140.224.118.233
Iceland,2023-11-17 07:09:35.084003,Interest 1,Tablet,16.65.81.135
Iceland,2023-12-05 07:09:35.084012,Interest 1,Tablet,16.65.81.135
Iceland,2023-06-14 07:09:35.084018,Interest 1,Tablet,16.65.81.135
Iceland,2024-01-13 07:09:35.084025,Interest 1,Tablet,16.65.81.135
Iceland,2024-04-24 07:09:35.084032,Interest 1,Tablet,16.65.81.135
Iceland,2023-07-08 07:09:35.084039,Interest 1,Tablet,16.65.81.135
Iceland,2023-12-17 07:09:35.084046,Interest 1,Tablet,16.65.81.135
Iceland,2024-01-31 07:09:35.084053,Interest 1,Tablet,16.65.81.135
Iceland,2024-03-25 07:09:35.084060,Interest 1,Tablet,16.65.81.135
Iceland,2023-07-17 07:09:35.084068,Interest 1,Tablet,16.65.81.135
Iceland,2024-04-28 07:09:35.084075,Interest 1,Tablet,16.65.81.135
Iceland,2023-09-27 07:09:35.084082,Interest 1,Tablet,16.65.81.135
Iceland,2023-11-07 07:09:35.084089,Interest 1,Tablet,16.65.81.135
Iceland,2024-03-10 07:09:35.084095,Interest 1,Tablet,16.65.81.135
Iceland,2023-08-11 07:09:35.084102,Interest 1,Tablet,16.65.81.135
Iceland,2023-10-23 07:09:35.084109,Interest 1,Tablet,16.65.81.135
Iceland,2023-07-30 07:09:35.084116,Interest 1,Tablet,16.65.81.135
Iceland,2023-09-24 07:09:35.084123,Interest 1,Tablet,16.65.81.135
Iceland,2023-09-06 07:09:35.084130,Interest 1,Tablet,16.65.81.135
Iceland,2023-07-16 07:09:35.084137,Interest 1,Tablet,16.65.81.135
Mayotte,2023-09-02 07:09:35.084179,Interest 1,Desktop,92.78.253.255
Mayotte,2024-05-01 07:09:35.084188,Interest 1,Desktop,92.78.253.255
Mayotte,2024-02-10 07:09:35.084195,Interest 1,Desktop,92.78.253.255
Mayotte,2024-02-04 07:09:35.084202,Interest 1,Desktop,92.78.253.255
Mayotte,2023-08-17 07:09:35.084209,Interest 1,Desktop,92.78.253.255
Mayotte,2024-05-01 07:09:35.084216,Interest 1,Desktop,92.78.253.255
Mayotte,2023-11-18 07:09:35.084223,Interest 1,Desktop,92.78.253.255
Mayotte,2023-07-20 07:09:35.084229,Interest 1,Desktop,92.78.253.255
Mayotte,2024-04-09 07:09:35.084236,Interest 1,Desktop,92.78.253.255
Mayotte,2023-12-07 07:09:35.084243,Interest 1,Desktop,92.78.253.255
Mayotte,2023-07-22 07:09:35.084250,Interest 1,Desktop,92.78.253.255
Mayotte,2023-05-27 07:09:35.084257,Interest 1,Desktop,92.78.253.255
Mayotte,2023-07-14 07:09:35.084264,Interest 1,Desktop,92.78.253.255
Mayotte,2024-01-20 07:09:35.084271,Interest 1,Desktop,92.78.253.255
Mayotte,2023-12-29 07:09:35.084277,Interest 1,Desktop,92.78.253.255
Guinea-Bissau,2023-11-21 07:09:35.084314,Interest 1,Desktop,44.91.71.203
Guinea-Bissau,2024-04-16 07:09:35.084324,Interest 1,Desktop,44.91.71.203
Guinea-Bissau,2024-04-03 07:09:35.084332,Interest 1,Desktop,44.91.71.203
Guinea-Bissau,2024-02-09 07:09:35.084339,Interest 1,Desktop,44.91.71.203
Guinea-Bissau,2023-09-12 07:09:35.084347,Interest 1,Desktop,44.91.71.203
Eswatini,2023-07-29 07:09:35.084380,Interest 3,Tablet,40.80.76.76
Eswatini,2024-04-02 07:09:35.084389,Interest 3,Tablet,40.80.76.76
Eswatini,2023-07-22 07:09:35.084396,Interest 3,Tablet,40.80.76.76
Romania,2023-08-07 07:09:35.084428,Interest 3,Mobile,240.90.243.114
Romania,2023-12-25 07:09:35.084437,Interest 3,Mobile,240.90.243.114
Romania,2023-10-10 07:09:35.084444,Interest 3,Mobile,240.90.243.114
Romania,2024-04-08 07:09:35.084451,Interest 3,Mobile,240.90.243.114
Romania,2023-07-22 07:09:35.084458,Interest 3,Mobile,240.90.243.114
Romania,2023-11-09 07:09:35.084465,Interest 3,Mobile,240.90.243.114
Romania,2023-09-03 07:09:35.085309,Interest 3,Mobile,240.90.243.114
Romania,2023-07-25 07:09:35.085355,Interest 3,Mobile,240.90.243.114
Romania,2023-08-26 07:09:35.085371,Interest 3,Mobile,240.90.243.114
Romania,2024-02-18 07:09:35.085382,Interest 3,Mobile,240.90.243.114
Romania,2023-06-14 07:09:35.085392,Interest 3,Mobile,240.90.243.114
Romania,2024-05-01 07:09:35.085401,Interest 3,Mobile,240.90.243.114
Luxembourg,2023-06-02 07:09:35.085454,Interest 1,Mobile,177.233.63.8
Luxembourg,2023-07-29 07:09:35.085465,Interest 1,Mobile,177.233.63.8
Luxembourg,2024-04-03 07:09:35.085473,Interest 1,Mobile,177.233.63.8
Luxembourg,2023-05-27 07:09:35.085481,Interest 1,Mobile,177.233.63.8
Luxembourg,2023-09-12 07:09:35.085489,Interest 1,Mobile,177.233.63.8
Luxembourg,2024-02-01 07:09:35.085496,Interest 1,Mobile,177.233.63.8
Luxembourg,2023-10-08 07:09:35.085504,Interest 1,Mobile,177.233.63.8
Luxembourg,2024-01-26 07:09:35.085511,Interest 1,Mobile,177.233.63.8
Luxembourg,2024-04-28 07:09:35.085580,Interest 1,Mobile,177.233.63.8
Luxembourg,2024-03-05 07:09:35.085591,Interest 1,Mobile,177.233.63.8
Luxembourg,2024-02-25 07:09:35.085599,Interest 1,Mobile,177.233.63.8
Luxembourg,2023-07-12 07:09:35.085606,Interest 1,Mobile,177.233.63.8
Luxembourg,2023-07-21 07:09:35.085613,Interest 1,Mobile,177.233.63.8
Lesotho,2023-08-02 07:09:35.085661,Interest 4,Desktop,71.103.110.35
Lesotho,2024-04-26 07:09:35.085670,Interest 4,Desktop,71.103.110.35
Lesotho,2024-01-27 07:09:35.085678,Interest 4,Desktop,71.103.110.35
Lesotho,2024-03-18 07:09:35.085684,Interest 4,Desktop,71.103.110.35
Lesotho,2023-05-30 07:09:35.085691,Interest 4,Desktop,71.103.110.35
Lesotho,2023-09-15 07:09:35.085697,Interest 4,Desktop,71.103.110.35
Lesotho,2024-04-04 07:09:35.085704,Interest 4,Desktop,71.103.110.35
Lesotho,2023-06-15 07:09:35.085711,Interest 4,Desktop,71.103.110.35
Lesotho,2023-07-05 07:09:35.085718,Interest 4,Desktop,71.103.110.35
Tonga,2023-06-04 07:09:35.085751,Interest 5,Mobile,110.25.78.33
Tonga,2023-07-09 07:09:35.085760,Interest 5,Mobile,110.25.78.33
Tonga,2024-03-15 07:09:35.085767,Interest 5,Mobile,110.25.78.33
Tonga,2023-10-25 07:09:35.085774,Interest 5,Mobile,110.25.78.33
Tonga,2023-06-25 07:09:35.085781,Interest 5,Mobile,110.25.78.33
Tonga,2024-01-03 07:09:35.085788,Interest 5,Mobile,110.25.78.33
Canada,2024-04-27 07:09:35.085820,Interest 5,Desktop,167.111.165.203
Canada,2024-01-24 07:09:35.085866,Interest 5,Desktop,167.111.165.203
Canada,2023-08-12 07:09:35.085880,Interest 5,Desktop,167.111.165.203
Canada,2023-12-26 07:09:35.085887,Interest 5,Desktop,167.111.165.203
Canada,2023-11-04 07:09:35.085893,Interest 5,Desktop,167.111.165.203
Canada,2024-04-14 07:09:35.085899,Interest 5,Desktop,167.111.165.203
Canada,2024-04-17 07:09:35.085905,Interest 5,Desktop,167.111.165.203
Canada,2024-04-01 07:09:35.085912,Interest 5,Desktop,167.111.165.203
Canada,2024-05-15 07:09:35.085918,Interest 5,Desktop,167.111.165.203
Eritrea,2023-08-04 07:09:35.086004,Interest 2,Desktop,138.189.106.158
Eritrea,2024-03-06 07:09:35.086016,Interest 2,Desktop,138.189.106.158
Eritrea,2023-10-07 07:09:35.086023,Interest 2,Desktop,138.189.106.158
Eritrea,2024-03-01 07:09:35.086030,Interest 2,Desktop,138.189.106.158
Eritrea,2023-09-16 07:09:35.086036,Interest 2,Desktop,138.189.106.158
Eritrea,2024-01-12 07:09:35.086043,Interest 2,Desktop,138.189.106.158
Eritrea,2024-04-02 07:09:35.086049,Interest 2,Desktop,138.189.106.158
Eritrea,2023-07-07 07:09:35.086056,Interest 2,Desktop,138.189.106.158
Eritrea,2023-12-13 07:09:35.086112,Interest 2,Desktop,138.189.106.158
Eritrea,2024-02-06 07:09:35.086123,Interest 2,Desktop,138.189.106.158
Eritrea,2023-07-27 07:09:35.086130,Interest 2,Desktop,138.189.106.158
Eritrea,2023-10-20 07:09:35.086138,Interest 2,Desktop,138.189.106.158
Eritrea,2024-03-17 07:09:35.086145,Interest 2,Desktop,138.189.106.158
Croatia,2024-02-15 07:09:35.086180,Interest 2,Mobile,186.7.176.22
Croatia,2023-12-22 07:09:35.086189,Interest 2,Mobile,186.7.176.22
Croatia,2023-10-01 07:09:35.086196,Interest 2,Mobile,186.7.176.22
Croatia,2023-11-17 07:09:35.086203,Interest 2,Mobile,186.7.176.22
Croatia,2023-08-02 07:09:35.086209,Interest 2,Mobile,186.7.176.22
Croatia,2023-08-25 07:09:35.086216,Interest 2,Mobile,186.7.176.22
Croatia,2023-09-07 07:09:35.086223,Interest 2,Mobile,186.7.176.22
Croatia,2023-10-11 07:09:35.086230,Interest 2,Mobile,186.7.176.22
Croatia,2023-05-23 07:09:35.086237,Interest 2,Mobile,186.7.176.22
Croatia,2023-11-13 07:09:35.086244,Interest 2,Mobile,186.7.176.22
Croatia,2023-10-04 07:09:35.086251,Interest 2,Mobile,186.7.176.22
Croatia,2023-06-02 07:09:35.086258,Interest 2,Mobile,186.7.176.22
Croatia,2023-07-07 07:09:35.086265,Interest 2,Mobile,186.7.176.22
Costa Rica,2024-02-11 07:09:35.086300,Interest 2,Desktop,147.80.136.179
Costa Rica,2023-11-16 07:09:35.086308,Interest 2,Desktop,147.80.136.179
Costa Rica,2024-01-05 07:09:35.086314,Interest 2,Desktop,147.80.136.179
Costa Rica,2023-09-29 07:09:35.086321,Interest 2,Desktop,147.80.136.179
Costa Rica,2024-02-11 07:09:35.086327,Interest 2,Desktop,147.80.136.179
Costa Rica,2024-05-18 07:09:35.086334,Interest 2,Desktop,147.80.136.179
Costa Rica,2023-09-11 07:09:35.086340,Interest 2,Desktop,147.80.136.179
Costa Rica,2023-07-07 07:09:35.086346,Interest 2,Desktop,147.80.136.179
Costa Rica,2023-10-20 07:09:35.086353,Interest 2,Desktop,147.80.136.179
Costa Rica,2023-09-08 07:09:35.086360,Interest 2,Desktop,147.80.136.179
Costa Rica,2023-08-16 07:09:35.086366,Interest 2,Desktop,147.80.136.179
Costa Rica,2023-09-27 07:09:35.086372,Interest 2,Desktop,147.80.136.179
Costa Rica,2024-05-12 07:09:35.086379,Interest 2,Desktop,147.80.136.179
Costa Rica,2024-05-11 07:09:35.086385,Interest 2,Desktop,147.80.136.179
Costa Rica,2023-07-01 07:09:35.086391,Interest 2,Desktop,147.80.136.179
Costa Rica,2024-04-27 07:09:35.086398,Interest 2,Desktop,147.80.136.179
Costa Rica,2023-10-21 07:09:35.086404,Interest 2,Desktop,147.80.136.179
Costa Rica,2023-10-27 07:09:35.086411,Interest 2,Desktop,147.80.136.179
"Congo, The Democratic Republic of the",2023-09-05 07:09:35.086445,Interest 1,Desktop,120.77.54.77
"Congo, The Democratic Republic of the",2024-05-18 07:09:35.086453,Interest 1,Desktop,120.77.54.77
"Congo, The Democratic Republic of the",2023-11-26 07:09:35.086460,Interest 1,Desktop,120.77.54.77
"Congo, The Democratic Republic of the",2023-09-29 07:09:35.086467,Interest 1,Desktop,120.77.54.77
"Congo, The Democratic Republic of the",2024-05-16 07:09:35.086473,Interest 1,Desktop,120.77.54.77
"Congo, The Democratic Republic of the",2023-09-14 07:09:35.086480,Interest 1,Desktop,120.77.54.77
"Congo, The Democratic Republic of the",2023-10-11 07:09:35.086487,Interest 1,Desktop,120.77.54.77
"Congo, The Democratic Republic of the",2023-07-07 07:09:35.086494,Interest 1,Desktop,120.77.54.77
"Congo, The Democratic Republic of the",2024-04-18 07:09:35.086501,Interest 1,Desktop,120.77.54.77
"Congo, The Democratic Republic of the",2023-10-02 07:09:35.086508,Interest 1,Desktop,120.77.54.77
"Congo, The Democratic Republic of the",2023-06-25 07:09:35.086514,Interest 1,Desktop,120.77.54.77
"Congo, The Democratic Republic of the",2023-06-19 07:09:35.086522,Interest 1,Desktop,120.77.54.77
United Arab Emirates,2023-06-19 07:09:35.086547,Interest 1,Tablet,177.173.190.37
United Arab Emirates,2024-03-07 07:09:35.086552,Interest 1,Tablet,177.173.190.37
United Arab Emirates,2023-10-30 07:09:35.086555,Interest 1,Tablet,177.173.190.37
United Arab Emirates,2024-03-05 07:09:35.086559,Interest 1,Tablet,177.173.190.37
Namibia,2023-05-24 07:09:35.086574,Interest 5,Mobile,212.192.226.207
Namibia,2023-06-14 07:09:35.086578,Interest 5,Mobile,212.192.226.207
Namibia,2023-08-07 07:09:35.086582,Interest 5,Mobile,212.192.226.207
Namibia,2023-11-09 07:09:35.086585,Interest 5,Mobile,212.192.226.207
Namibia,2023-11-25 07:09:35.086589,Interest 5,Mobile,212.192.226.207
Namibia,2023-11-26 07:09:35.086592,Interest 5,Mobile,212.192.226.207
Namibia,2023-12-31 07:09:35.086595,Interest 5,Mobile,212.192.226.207
Algeria,2024-03-19 07:09:35.086612,Interest 3,Tablet,127.240.218.115
Algeria,2023-09-01 07:09:35.086616,Interest 3,Tablet,127.240.218.115
Algeria,2024-05-09 07:09:35.086619,Interest 3,Tablet,127.240.218.115
Algeria,2023-09-15 07:09:35.086622,Interest 3,Tablet,127.240.218.115
Algeria,2023-07-01 07:09:35.086626,Interest 3,Tablet,127.240.218.115
Algeria,2024-01-26 07:09:35.086629,Interest 3,Tablet,127.240.218.115
Algeria,2023-08-09 07:09:35.086633,Interest 3,Tablet,127.240.218.115
Algeria,2023-05-26 07:09:35.086636,Interest 3,Tablet,127.240.218.115
Algeria,2023-10-09 07:09:35.086639,Interest 3,Tablet,127.240.218.115
Algeria,2024-04-11 07:09:35.086643,Interest 3,Tablet,127.240.218.115
Algeria,2023-11-15 07:09:35.086646,Interest 3,Tablet,127.240.218.115
Algeria,2023-09-30 07:09:35.086649,Interest 3,Tablet,127.240.218.115
Algeria,2023-11-03 07:09:35.086652,Interest 3,Tablet,127.240.218.115
Algeria,2023-08-13 07:09:35.086656,Interest 3,Tablet,127.240.218.115
Algeria,2023-10-10 07:09:35.086659,Interest 3,Tablet,127.240.218.115
Algeria,2023-10-23 07:09:35.086663,Interest 3,Tablet,127.240.218.115
Algeria,2023-07-30 07:09:35.086666,Interest 3,Tablet,127.240.218.115
Algeria,2023-07-25 07:09:35.086670,Interest 3,Tablet,127.240.218.115
Sudan,2023-10-31 07:09:35.086763,Interest 1,Mobile,1.208.134.174
Sudan,2023-07-07 07:09:35.086783,Interest 1,Mobile,1.208.134.174
Sudan,2024-03-13 07:09:35.086792,Interest 1,Mobile,1.208.134.174
Sudan,2024-01-05 07:09:35.086799,Interest 1,Mobile,1.208.134.174
Sudan,2023-10-13 07:09:35.086805,Interest 1,Mobile,1.208.134.174
Ireland,2023-08-31 07:09:35.086840,Interest 2,Tablet,13.73.62.129
Ireland,2024-04-17 07:09:35.086849,Interest 2,Tablet,13.73.62.129
Ireland,2023-12-06 07:09:35.086855,Interest 2,Tablet,13.73.62.129
Ireland,2023-10-03 07:09:35.086862,Interest 2,Tablet,13.73.62.129
Ireland,2024-04-08 07:09:35.086869,Interest 2,Tablet,13.73.62.129
Ireland,2024-04-06 07:09:35.086876,Interest 2,Tablet,13.73.62.129
Ireland,2023-07-15 07:09:35.086882,Interest 2,Tablet,13.73.62.129
Ireland,2023-11-14 07:09:35.087978,Interest 2,Tablet,13.73.62.129
Ireland,2023-08-13 07:09:35.088121,Interest 2,Tablet,13.73.62.129
Ireland,2024-01-24 07:09:35.088144,Interest 2,Tablet,13.73.62.129
Ireland,2023-09-19 07:09:35.088156,Interest 2,Tablet,13.73.62.129
Ireland,2023-06-06 07:09:35.094751,Interest 2,Tablet,13.73.62.129
Ireland,2023-11-24 07:09:35.094772,Interest 2,Tablet,13.73.62.129
Ireland,2023-08-19 07:09:35.094788,Interest 2,Tablet,13.73.62.129
Ireland,2024-04-25 07:09:35.094800,Interest 2,Tablet,13.73.62.129
Jordan,2023-08-14 07:09:35.094863,Interest 4,Tablet,20.127.31.102
Jordan,2024-03-05 07:09:35.094874,Interest 4,Tablet,20.127.31.102
Jordan,2023-12-19 07:09:35.094883,Interest 4,Tablet,20.127.31.102
Jordan,2023-10-10 07:09:35.094890,Interest 4,Tablet,20.127.31.102
Jordan,2023-07-07 07:09:35.094898,Interest 4,Tablet,20.127.31.102
Jordan,2024-04-13 07:09:35.099987,Interest 4,Tablet,20.127.31.102
Jordan,2024-03-08 07:09:35.100025,Interest 4,Tablet,20.127.31.102
Jordan,2023-10-24 07:09:35.100039,Interest 4,Tablet,20.127.31.102
Solomon Islands,2024-03-22 07:09:35.100089,Interest 1,Desktop,35.84.20.159
Solomon Islands,2023-11-14 07:09:35.100098,Interest 1,Desktop,35.84.20.159
Solomon Islands,2024-05-02 07:09:35.100106,Interest 1,Desktop,35.84.20.159
Solomon Islands,2023-11-18 07:09:35.100113,Interest 1,Desktop,35.84.20.159
Solomon Islands,2023-09-04 07:09:35.100121,Interest 1,Desktop,35.84.20.159
Solomon Islands,2024-04-14 07:09:35.100129,Interest 1,Desktop,35.84.20.159
Solomon Islands,2023-09-20 07:09:35.100137,Interest 1,Desktop,35.84.20.159
Solomon Islands,2023-07-20 07:09:35.100144,Interest 1,Desktop,35.84.20.159
Solomon Islands,2024-02-24 07:09:35.100151,Interest 1,Desktop,35.84.20.159
Solomon Islands,2023-07-25 07:09:35.100158,Interest 1,Desktop,35.84.20.159
Solomon Islands,2024-03-09 07:09:35.100246,Interest 1,Desktop,35.84.20.159
Solomon Islands,2024-03-27 07:09:35.100258,Interest 1,Desktop,35.84.20.159
Solomon Islands,2024-04-20 07:09:35.100266,Interest 1,Desktop,35.84.20.159
Solomon Islands,2024-04-13 07:09:35.100274,Interest 1,Desktop,35.84.20.159
Solomon Islands,2023-12-12 07:09:35.100281,Interest 1,Desktop,35.84.20.159
Solomon Islands,2023-09-19 07:09:35.100288,Interest 1,Desktop,35.84.20.159
Solomon Islands,2024-03-03 07:09:35.100295,Interest 1,Desktop,35.84.20.159
Guinea-Bissau,2024-01-06 07:09:35.100341,Interest 5,Mobile,242.33.122.234
Guinea-Bissau,2023-09-06 07:09:35.100350,Interest 5,Mobile,242.33.122.234
Guinea-Bissau,2024-02-26 07:09:35.100358,Interest 5,Mobile,242.33.122.234
Guinea-Bissau,2023-08-22 07:09:35.100365,Interest 5,Mobile,242.33.122.234
Guinea-Bissau,2023-08-20 07:09:35.100373,Interest 5,Mobile,242.33.122.234
Guinea-Bissau,2024-03-13 07:09:35.100379,Interest 5,Mobile,242.33.122.234
Guinea-Bissau,2024-03-19 07:09:35.100387,Interest 5,Mobile,242.33.122.234
Guinea-Bissau,2024-04-28 07:09:35.100394,Interest 5,Mobile,242.33.122.234
Guinea-Bissau,2024-03-17 07:09:35.100401,Interest 5,Mobile,242.33.122.234
Guinea-Bissau,2023-12-17 07:09:35.100408,Interest 5,Mobile,242.33.122.234
Guinea-Bissau,2023-12-19 07:09:35.100414,Interest 5,Mobile,242.33.122.234
Guinea-Bissau,2023-05-21 07:09:35.100421,Interest 5,Mobile,242.33.122.234
Guinea-Bissau,2024-02-26 07:09:35.100428,Interest 5,Mobile,242.33.122.234
Guinea-Bissau,2024-01-20 07:09:35.100435,Interest 5,Mobile,242.33.122.234
Guinea-Bissau,2023-07-09 07:09:35.100442,Interest 5,Mobile,242.33.122.234
Guinea-Bissau,2024-02-08 07:09:35.100512,Interest 5,Mobile,242.33.122.234
Guinea-Bissau,2023-07-17 07:09:35.100526,Interest 5,Mobile,242.33.122.234
Svalbard and Jan Mayen,2024-05-10 07:09:35.100571,Interest 3,Tablet,50.70.20.45
Svalbard and Jan Mayen,2023-12-17 07:09:35.100580,Interest 3,Tablet,50.70.20.45
Svalbard and Jan Mayen,2023-09-19 07:09:35.100587,Interest 3,Tablet,50.70.20.45
Svalbard and Jan Mayen,2023-11-13 07:09:35.100593,Interest 3,Tablet,50.70.20.45
Svalbard and Jan Mayen,2024-01-13 07:09:35.100600,Interest 3,Tablet,50.70.20.45
Svalbard and Jan Mayen,2023-06-05 07:09:35.100608,Interest 3,Tablet,50.70.20.45
Svalbard and Jan Mayen,2023-09-10 07:09:35.100615,Interest 3,Tablet,50.70.20.45
Svalbard and Jan Mayen,2024-01-10 07:09:35.100622,Interest 3,Tablet,50.70.20.45
Svalbard and Jan Mayen,2024-02-24 07:09:35.100630,Interest 3,Tablet,50.70.20.45
Svalbard and Jan Mayen,2023-10-12 07:09:35.100637,Interest 3,Tablet,50.70.20.45
Svalbard and Jan Mayen,2024-02-23 07:09:35.100644,Interest 3,Tablet,50.70.20.45
Svalbard and Jan Mayen,2023-10-10 07:09:35.100651,Interest 3,Tablet,50.70.20.45
Svalbard and Jan Mayen,2023-07-16 07:09:35.100659,Interest 3,Tablet,50.70.20.45
Svalbard and Jan Mayen,2024-04-25 07:09:35.100665,Interest 3,Tablet,50.70.20.45
Svalbard and Jan Mayen,2024-03-22 07:09:35.100673,Interest 3,Tablet,50.70.20.45
Svalbard and Jan Mayen,2023-08-16 07:09:35.100680,Interest 3,Tablet,50.70.20.45
Svalbard and Jan Mayen,2024-04-22 07:09:35.100689,Interest 3,Tablet,50.70.20.45
Kuwait,2023-12-28 07:09:35.101052,Interest 1,Mobile,245.183.41.49
Kuwait,2024-04-14 07:09:35.101080,Interest 1,Mobile,245.183.41.49
Kuwait,2024-02-27 07:09:35.101092,Interest 1,Mobile,245.183.41.49
Kuwait,2024-04-06 07:09:35.101101,Interest 1,Mobile,245.183.41.49
Kuwait,2023-09-06 07:09:35.101109,Interest 1,Mobile,245.183.41.49
Kuwait,2023-12-23 07:09:35.101118,Interest 1,Mobile,245.183.41.49
Nauru,2024-02-05 07:09:35.101161,Interest 3,Desktop,32.187.151.165
Nauru,2023-09-10 07:09:35.101171,Interest 3,Desktop,32.187.151.165
Nauru,2023-11-01 07:09:35.101179,Interest 3,Desktop,32.187.151.165
Nauru,2023-07-02 07:09:35.101189,Interest 3,Desktop,32.187.151.165
Nauru,2024-05-17 07:09:35.101198,Interest 3,Desktop,32.187.151.165
Nauru,2024-02-20 07:09:35.101205,Interest 3,Desktop,32.187.151.165
Nauru,2023-08-12 07:09:35.101213,Interest 3,Desktop,32.187.151.165
Nauru,2023-09-22 07:09:35.101219,Interest 3,Desktop,32.187.151.165
Nauru,2024-01-07 07:09:35.101226,Interest 3,Desktop,32.187.151.165
Nauru,2023-10-29 07:09:35.101234,Interest 3,Desktop,32.187.151.165
Nauru,2024-01-22 07:09:35.101240,Interest 3,Desktop,32.187.151.165
Nauru,2024-03-06 07:09:35.101247,Interest 3,Desktop,32.187.151.165
Nauru,2023-08-12 07:09:35.101254,Interest 3,Desktop,32.187.151.165
Nauru,2024-01-12 07:09:35.101260,Interest 3,Desktop,32.187.151.165
Nauru,2024-03-13 07:09:35.101267,Interest 3,Desktop,32.187.151.165
Nauru,2024-01-30 07:09:35.101274,Interest 3,Desktop,32.187.151.165
Nauru,2023-12-02 07:09:35.101281,Interest 3,Desktop,32.187.151.165
Saint Vincent and the Grenadines,2023-12-11 07:09:35.101323,Interest 5,Mobile,140.14.70.68
Honduras,2023-12-04 07:09:35.101358,Interest 4,Mobile,104.220.19.30
Honduras,2024-05-01 07:09:35.101366,Interest 4,Mobile,104.220.19.30
Iceland,2023-08-08 07:09:35.101398,Interest 5,Desktop,32.224.55.242
Iceland,2023-10-07 07:09:35.101407,Interest 5,Desktop,32.224.55.242
Iceland,2024-02-22 07:09:35.101415,Interest 5,Desktop,32.224.55.242
Iceland,2024-02-29 07:09:35.101423,Interest 5,Desktop,32.224.55.242
Iceland,2023-10-23 07:09:35.101430,Interest 5,Desktop,32.224.55.242
Iceland,2024-04-02 07:09:35.101437,Interest 5,Desktop,32.224.55.242
Iceland,2023-06-16 07:09:35.101444,Interest 5,Desktop,32.224.55.242
Iceland,2024-02-08 07:09:35.101451,Interest 5,Desktop,32.224.55.242
Iceland,2024-05-18 07:09:35.101458,Interest 5,Desktop,32.224.55.242
Iceland,2024-03-22 07:09:35.101465,Interest 5,Desktop,32.224.55.242
Iceland,2024-01-25 07:09:35.101473,Interest 5,Desktop,32.224.55.242
Iceland,2024-03-17 07:09:35.101480,Interest 5,Desktop,32.224.55.242
Iceland,2023-09-26 07:09:35.101487,Interest 5,Desktop,32.224.55.242
Iceland,2024-02-29 07:09:35.101494,Interest 5,Desktop,32.224.55.242
Iceland,2023-06-25 07:09:35.101501,Interest 5,Desktop,32.224.55.242
Iceland,2023-08-31 07:09:35.101508,Interest 5,Desktop,32.224.55.242
Iceland,2023-09-10 07:09:35.101516,Interest 5,Desktop,32.224.55.242
Malaysia,2024-01-10 07:09:35.101559,Interest 3,Tablet,119.73.221.87
Malaysia,2024-03-04 07:09:35.101567,Interest 3,Tablet,119.73.221.87
Malaysia,2023-05-24 07:09:35.101574,Interest 3,Tablet,119.73.221.87
Malaysia,2024-04-11 07:09:35.101582,Interest 3,Tablet,119.73.221.87
Malaysia,2023-11-21 07:09:35.101589,Interest 3,Tablet,119.73.221.87
Malaysia,2024-03-22 07:09:35.101596,Interest 3,Tablet,119.73.221.87
Serbia,2023-06-10 07:09:35.101629,Interest 1,Desktop,120.110.174.21
Eritrea,2023-08-23 07:09:35.101662,Interest 5,Desktop,130.78.179.204
Eritrea,2024-04-06 07:09:35.101671,Interest 5,Desktop,130.78.179.204
Eritrea,2023-10-28 07:09:35.101679,Interest 5,Desktop,130.78.179.204
Eritrea,2023-10-11 07:09:35.101686,Interest 5,Desktop,130.78.179.204
Eritrea,2024-02-25 07:09:35.101693,Interest 5,Desktop,130.78.179.204
Cuba,2023-09-16 07:09:35.101725,Interest 5,Mobile,190.209.122.117
Cuba,2024-02-12 07:09:35.101733,Interest 5,Mobile,190.209.122.117
Cuba,2024-01-12 07:09:35.101740,Interest 5,Mobile,190.209.122.117
Cuba,2023-09-23 07:09:35.101747,Interest 5,Mobile,190.209.122.117
Cuba,2023-08-02 07:09:35.101755,Interest 5,Mobile,190.209.122.117
Cuba,2023-06-01 07:09:35.101762,Interest 5,Mobile,190.209.122.117
Cuba,2023-12-18 07:09:35.101769,Interest 5,Mobile,190.209.122.117
Cuba,2024-01-05 07:09:35.101776,Interest 5,Mobile,190.209.122.117
Cuba,2024-05-09 07:09:35.101783,Interest 5,Mobile,190.209.122.117
Cuba,2023-08-11 07:09:35.101791,Interest 5,Mobile,190.209.122.117
Cuba,2023-07-14 07:09:35.101798,Interest 5,Mobile,190.209.122.117
Cuba,2024-04-17 07:09:35.101805,Interest 5,Mobile,190.209.122.117
Algeria,2024-02-10 07:09:35.101840,Interest 2,Tablet,138.127.174.137
Algeria,2023-12-29 07:09:35.101848,Interest 2,Tablet,138.127.174.137
Algeria,2023-06-09 07:09:35.101855,Interest 2,Tablet,138.127.174.137
Palau,2023-10-05 07:09:35.101885,Interest 2,Desktop,179.189.226.98
Palau,2023-08-14 07:09:35.101894,Interest 2,Desktop,179.189.226.98
Palau,2023-12-20 07:09:35.101901,Interest 2,Desktop,179.189.226.98
Palau,2023-06-25 07:09:35.101908,Interest 2,Desktop,179.189.226.98
Palau,2024-03-21 07:09:35.101915,Interest 2,Desktop,179.189.226.98
Palau,2024-04-26 07:09:35.101922,Interest 2,Desktop,179.189.226.98
Gabon,2023-08-24 07:09:35.101954,Interest 5,Desktop,155.235.151.43
Gabon,2023-07-23 07:09:35.101962,Interest 5,Desktop,155.235.151.43
Gabon,2023-09-21 07:09:35.101969,Interest 5,Desktop,155.235.151.43
Gabon,2023-11-23 07:09:35.101976,Interest 5,Desktop,155.235.151.43
Gabon,2023-06-01 07:09:35.101982,Interest 5,Desktop,155.235.151.43
Gabon,2023-09-21 07:09:35.101989,Interest 5,Desktop,155.235.151.43
Gabon,2023-12-23 07:09:35.101996,Interest 5,Desktop,155.235.151.43
Antarctica,2023-11-12 07:09:35.102029,Interest 4,Desktop,65.37.91.251
Antarctica,2024-03-29 07:09:35.102037,Interest 4,Desktop,65.37.91.251
Antarctica,2024-03-09 07:09:35.102044,Interest 4,Desktop,65.37.91.251
Antarctica,2023-08-31 07:09:35.102052,Interest 4,Desktop,65.37.91.251
Antarctica,2023-07-18 07:09:35.102060,Interest 4,Desktop,65.37.91.251
Antarctica,2024-04-10 07:09:35.102067,Interest 4,Desktop,65.37.91.251
Antarctica,2024-05-06 07:09:35.102075,Interest 4,Desktop,65.37.91.251
Antarctica,2024-01-08 07:09:35.102081,Interest 4,Desktop,65.37.91.251
Antarctica,2023-10-01 07:09:35.102088,Interest 4,Desktop,65.37.91.251
Antarctica,2023-09-19 07:09:35.102096,Interest 4,Desktop,65.37.91.251
"Korea, Republic of",2024-04-29 07:09:35.102135,Interest 5,Tablet,224.23.214.187
Isle of Man,2023-10-17 07:09:35.102165,Interest 1,Tablet,128.124.89.41
Isle of Man,2023-07-28 07:09:35.102536,Interest 1,Tablet,128.124.89.41
Isle of Man,2023-10-18 07:09:35.102602,Interest 1,Tablet,128.124.89.41
Isle of Man,2024-01-08 07:09:35.102616,Interest 1,Tablet,128.124.89.41
Isle of Man,2023-06-25 07:09:35.102627,Interest 1,Tablet,128.124.89.41
Isle of Man,2024-01-05 07:09:35.102636,Interest 1,Tablet,128.124.89.41
Isle of Man,2023-06-14 07:09:35.102644,Interest 1,Tablet,128.124.89.41
Isle of Man,2024-03-22 07:09:35.102652,Interest 1,Tablet,128.124.89.41
Isle of Man,2023-10-06 07:09:35.102660,Interest 1,Tablet,128.124.89.41
Isle of Man,2023-12-05 07:09:35.102668,Interest 1,Tablet,128.124.89.41
Isle of Man,2024-03-07 07:09:35.102675,Interest 1,Tablet,128.124.89.41
Isle of Man,2023-11-24 07:09:35.102682,Interest 1,Tablet,128.124.89.41
Isle of Man,2024-01-28 07:09:35.102688,Interest 1,Tablet,128.124.89.41
Isle of Man,2023-12-28 07:09:35.102694,Interest 1,Tablet,128.124.89.41
Isle of Man,2023-11-30 07:09:35.102701,Interest 1,Tablet,128.124.89.41
Isle of Man,2023-12-24 07:09:35.102708,Interest 1,Tablet,128.124.89.41
Isle of Man,2023-12-26 07:09:35.102715,Interest 1,Tablet,128.124.89.41
Isle of Man,2023-11-16 07:09:35.102722,Interest 1,Tablet,128.124.89.41
Turks and Caicos Islands,2023-10-29 07:09:35.102769,Interest 4,Tablet,167.128.21.46
Turks and Caicos Islands,2023-06-14 07:09:35.102779,Interest 4,Tablet,167.128.21.46
Turks and Caicos Islands,2023-11-15 07:09:35.103550,Interest 4,Tablet,167.128.21.46
Turks and Caicos Islands,2023-07-16 07:09:35.103573,Interest 4,Tablet,167.128.21.46
Turks and Caicos Islands,2023-11-27 07:09:35.103579,Interest 4,Tablet,167.128.21.46
Turks and Caicos Islands,2024-05-02 07:09:35.103583,Interest 4,Tablet,167.128.21.46
Turks and Caicos Islands,2023-12-26 07:09:35.103587,Interest 4,Tablet,167.128.21.46
Turks and Caicos Islands,2024-04-26 07:09:35.103590,Interest 4,Tablet,167.128.21.46
Turks and Caicos Islands,2023-12-17 07:09:35.103594,Interest 4,Tablet,167.128.21.46
Turks and Caicos Islands,2023-11-29 07:09:35.103598,Interest 4,Tablet,167.128.21.46
Turks and Caicos Islands,2023-08-25 07:09:35.103601,Interest 4,Tablet,167.128.21.46
Turks and Caicos Islands,2023-08-31 07:09:35.103605,Interest 4,Tablet,167.128.21.46
Turks and Caicos Islands,2023-12-01 07:09:35.103608,Interest 4,Tablet,167.128.21.46
Turks and Caicos Islands,2023-11-21 07:09:35.103612,Interest 4,Tablet,167.128.21.46
Turks and Caicos Islands,2024-03-26 07:09:35.103615,Interest 4,Tablet,167.128.21.46
Turks and Caicos Islands,2024-01-20 07:09:35.103618,Interest 4,Tablet,167.128.21.46
Turks and Caicos Islands,2024-03-21 07:09:35.103622,Interest 4,Tablet,167.128.21.46
Turks and Caicos Islands,2024-03-22 07:09:35.103626,Interest 4,Tablet,167.128.21.46
Turks and Caicos Islands,2024-05-08 07:09:35.103629,Interest 4,Tablet,167.128.21.46
Somalia,2024-03-09 07:09:35.103660,Interest 3,Mobile,34.213.50.253
Somalia,2023-08-16 07:09:35.103665,Interest 3,Mobile,34.213.50.253
Zambia,2023-10-16 07:09:35.103682,Interest 4,Desktop,210.226.238.243
Zambia,2023-06-20 07:09:35.103686,Interest 4,Desktop,210.226.238.243
Zambia,2023-12-06 07:09:35.103689,Interest 4,Desktop,210.226.238.243
Zambia,2023-09-04 07:09:35.103693,Interest 4,Desktop,210.226.238.243
Zambia,2023-06-07 07:09:35.103697,Interest 4,Desktop,210.226.238.243
Zambia,2024-04-04 07:09:35.103700,Interest 4,Desktop,210.226.238.243
Zambia,2023-10-16 07:09:35.103703,Interest 4,Desktop,210.226.238.243
Zambia,2024-01-04 07:09:35.103707,Interest 4,Desktop,210.226.238.243
Zambia,2024-02-25 07:09:35.103710,Interest 4,Desktop,210.226.238.243
Zambia,2024-03-25 07:09:35.103714,Interest 4,Desktop,210.226.238.243
Zambia,2023-10-13 07:09:35.103717,Interest 4,Desktop,210.226.238.243
Zambia,2024-03-24 07:09:35.103720,Interest 4,Desktop,210.226.238.243
Zambia,2023-09-30 07:09:35.103724,Interest 4,Desktop,210.226.238.243
Zambia,2024-03-31 07:09:35.103727,Interest 4,Desktop,210.226.238.243
Zambia,2023-08-17 07:09:35.103730,Interest 4,Desktop,210.226.238.243
Zambia,2023-09-21 07:09:35.103734,Interest 4,Desktop,210.226.238.243
Zambia,2024-01-26 07:09:35.103737,Interest 4,Desktop,210.226.238.243
Zambia,2023-10-09 07:09:35.103741,Interest 4,Desktop,210.226.238.243
Singapore,2023-12-21 07:09:35.103762,Interest 4,Mobile,187.66.188.133
Singapore,2024-03-02 07:09:35.103767,Interest 4,Mobile,187.66.188.133
Singapore,2023-06-05 07:09:35.103771,Interest 4,Mobile,187.66.188.133
Singapore,2024-02-05 07:09:35.103774,Interest 4,Mobile,187.66.188.133
Singapore,2023-11-27 07:09:35.103778,Interest 4,Mobile,187.66.188.133
Singapore,2024-02-04 07:09:35.103781,Interest 4,Mobile,187.66.188.133
Singapore,2024-04-29 07:09:35.103785,Interest 4,Mobile,187.66.188.133
Singapore,2024-05-01 07:09:35.103788,Interest 4,Mobile,187.66.188.133
Singapore,2023-11-10 07:09:35.103791,Interest 4,Mobile,187.66.188.133
Singapore,2023-07-22 07:09:35.103795,Interest 4,Mobile,187.66.188.133
Singapore,2024-05-13 07:09:35.103798,Interest 4,Mobile,187.66.188.133
Singapore,2023-07-16 07:09:35.103801,Interest 4,Mobile,187.66.188.133
Singapore,2023-07-22 07:09:35.103805,Interest 4,Mobile,187.66.188.133
Singapore,2023-12-10 07:09:35.103809,Interest 4,Mobile,187.66.188.133
Suriname,2023-11-08 07:09:35.103826,Interest 2,Desktop,255.170.98.150
Suriname,2024-04-27 07:09:35.103830,Interest 2,Desktop,255.170.98.150
Suriname,2023-12-17 07:09:35.103833,Interest 2,Desktop,255.170.98.150
Suriname,2023-06-28 07:09:35.103836,Interest 2,Desktop,255.170.98.150
Suriname,2023-06-17 07:09:35.103840,Interest 2,Desktop,255.170.98.150
Suriname,2023-12-12 07:09:35.103843,Interest 2,Desktop,255.170.98.150
Suriname,2023-12-15 07:09:35.103847,Interest 2,Desktop,255.170.98.150
Suriname,2024-05-13 07:09:35.103850,Interest 2,Desktop,255.170.98.150
Suriname,2023-10-21 07:09:35.103853,Interest 2,Desktop,255.170.98.150
Suriname,2023-08-08 07:09:35.103857,Interest 2,Desktop,255.170.98.150
Suriname,2023-09-12 07:09:35.103860,Interest 2,Desktop,255.170.98.150
"Taiwan, Province of China",2023-08-20 07:09:35.103877,Interest 3,Tablet,225.230.92.44
"Taiwan, Province of China",2024-03-06 07:09:35.103881,Interest 3,Tablet,225.230.92.44
"Taiwan, Province of China",2023-06-09 07:09:35.103884,Interest 3,Tablet,225.230.92.44
"Taiwan, Province of China",2023-09-11 07:09:35.103887,Interest 3,Tablet,225.230.92.44
"Taiwan, Province of China",2024-04-07 07:09:35.103891,Interest 3,Tablet,225.230.92.44
Sint Maarten (Dutch part),2023-10-26 07:09:35.103906,Interest 5,Desktop,161.142.91.173
Sint Maarten (Dutch part),2023-10-12 07:09:35.103910,Interest 5,Desktop,161.142.91.173
Sint Maarten (Dutch part),2024-04-15 07:09:35.103913,Interest 5,Desktop,161.142.91.173
Sint Maarten (Dutch part),2024-04-12 07:09:35.103917,Interest 5,Desktop,161.142.91.173
Sint Maarten (Dutch part),2024-04-10 07:09:35.103920,Interest 5,Desktop,161.142.91.173
Sint Maarten (Dutch part),2023-05-26 07:09:35.103923,Interest 5,Desktop,161.142.91.173
Sint Maarten (Dutch part),2024-02-12 07:09:35.103927,Interest 5,Desktop,161.142.91.173
Nauru,2023-06-14 07:09:35.103943,Interest 2,Mobile,133.151.174.239
Nauru,2023-10-02 07:09:35.103946,Interest 2,Mobile,133.151.174.239
Bermuda,2023-08-14 07:09:35.103961,Interest 3,Mobile,198.46.206.94
Bermuda,2023-12-26 07:09:35.103965,Interest 3,Mobile,198.46.206.94
Bermuda,2023-08-04 07:09:35.103968,Interest 3,Mobile,198.46.206.94
Bermuda,2023-06-12 07:09:35.103972,Interest 3,Mobile,198.46.206.94
Bermuda,2023-12-18 07:09:35.103975,Interest 3,Mobile,198.46.206.94
Bermuda,2023-10-16 07:09:35.103979,Interest 3,Mobile,198.46.206.94
"Micronesia, Federated States of",2024-02-24 07:09:35.103995,Interest 3,Desktop,79.25.52.30
"Micronesia, Federated States of",2023-12-08 07:09:35.103998,Interest 3,Desktop,79.25.52.30
"Micronesia, Federated States of",2024-04-27 07:09:35.104002,Interest 3,Desktop,79.25.52.30
"Micronesia, Federated States of",2023-09-22 07:09:35.104005,Interest 3,Desktop,79.25.52.30
"Micronesia, Federated States of",2023-07-29 07:09:35.104008,Interest 3,Desktop,79.25.52.30
"Micronesia, Federated States of",2023-09-12 07:09:35.104012,Interest 3,Desktop,79.25.52.30
"Micronesia, Federated States of",2023-07-29 07:09:35.104015,Interest 3,Desktop,79.25.52.30
"Micronesia, Federated States of",2024-05-12 07:09:35.104019,Interest 3,Desktop,79.25.52.30
Comoros,2024-01-21 07:09:35.104035,Interest 1,Tablet,150.136.26.6
Comoros,2023-07-01 07:09:35.104038,Interest 1,Tablet,150.136.26.6
Comoros,2024-02-23 07:09:35.104042,Interest 1,Tablet,150.136.26.6
Comoros,2023-09-03 07:09:35.104045,Interest 1,Tablet,150.136.26.6
Comoros,2024-05-02 07:09:35.104049,Interest 1,Tablet,150.136.26.6
Comoros,2023-12-08 07:09:35.104052,Interest 1,Tablet,150.136.26.6
Svalbard and Jan Mayen,2023-10-31 07:09:35.104068,Interest 1,Tablet,247.66.40.249
Svalbard and Jan Mayen,2023-07-14 07:09:35.104071,Interest 1,Tablet,247.66.40.249
Svalbard and Jan Mayen,2023-09-27 07:09:35.104077,Interest 1,Tablet,247.66.40.249
Svalbard and Jan Mayen,2024-04-10 07:09:35.104084,Interest 1,Tablet,247.66.40.249
Svalbard and Jan Mayen,2024-04-29 07:09:35.104090,Interest 1,Tablet,247.66.40.249
Svalbard and Jan Mayen,2024-02-02 07:09:35.104096,Interest 1,Tablet,247.66.40.249
Svalbard and Jan Mayen,2023-06-22 07:09:35.104103,Interest 1,Tablet,247.66.40.249
Svalbard and Jan Mayen,2023-09-09 07:09:35.104109,Interest 1,Tablet,247.66.40.249
Germany,2023-06-12 07:09:35.104138,Interest 3,Desktop,227.230.102.65
Germany,2024-05-17 07:09:35.104147,Interest 3,Desktop,227.230.102.65
Germany,2023-09-02 07:09:35.104153,Interest 3,Desktop,227.230.102.65
Germany,2024-02-10 07:09:35.104159,Interest 3,Desktop,227.230.102.65
Germany,2023-10-21 07:09:35.104166,Interest 3,Desktop,227.230.102.65
Germany,2023-08-02 07:09:35.104172,Interest 3,Desktop,227.230.102.65
Germany,2023-10-09 07:09:35.104178,Interest 3,Desktop,227.230.102.65
Eritrea,2023-05-27 07:09:35.104213,Interest 3,Mobile,20.60.71.185
Eritrea,2023-11-09 07:09:35.104222,Interest 3,Mobile,20.60.71.185
Eritrea,2024-01-21 07:09:35.104229,Interest 3,Mobile,20.60.71.185
Eritrea,2023-10-08 07:09:35.104235,Interest 3,Mobile,20.60.71.185
Eritrea,2024-02-06 07:09:35.104241,Interest 3,Mobile,20.60.71.185
Eritrea,2024-04-24 07:09:35.104247,Interest 3,Mobile,20.60.71.185
Eritrea,2023-10-31 07:09:35.104254,Interest 3,Mobile,20.60.71.185
Eritrea,2024-02-24 07:09:35.104260,Interest 3,Mobile,20.60.71.185
Eritrea,2023-09-15 07:09:35.104266,Interest 3,Mobile,20.60.71.185
Eritrea,2024-05-08 07:09:35.104273,Interest 3,Mobile,20.60.71.185
Saint Martin (French part),2023-07-09 07:09:35.104303,Interest 1,Mobile,226.226.138.154
Saint Martin (French part),2023-09-03 07:09:35.104310,Interest 1,Mobile,226.226.138.154
Saint Martin (French part),2024-01-11 07:09:35.104317,Interest 1,Mobile,226.226.138.154
Saint Martin (French part),2023-12-13 07:09:35.104323,Interest 1,Mobile,226.226.138.154
Saint Martin (French part),2023-11-27 07:09:35.104330,Interest 1,Mobile,226.226.138.154
Saint Martin (French part),2023-12-03 07:09:35.104336,Interest 1,Mobile,226.226.138.154
Saint Martin (French part),2024-04-27 07:09:35.104343,Interest 1,Mobile,226.226.138.154
Saint Martin (French part),2024-01-06 07:09:35.104349,Interest 1,Mobile,226.226.138.154
Viet Nam,2024-04-27 07:09:35.104376,Interest 3,Mobile,180.238.207.157
Viet Nam,2024-02-07 07:09:35.104384,Interest 3,Mobile,180.238.207.157
Viet Nam,2023-11-06 07:09:35.104391,Interest 3,Mobile,180.238.207.157
Viet Nam,2023-09-26 07:09:35.104397,Interest 3,Mobile,180.238.207.157
Viet Nam,2023-07-05 07:09:35.104404,Interest 3,Mobile,180.238.207.157
Viet Nam,2023-10-09 07:09:35.104411,Interest 3,Mobile,180.238.207.157
Viet Nam,2024-02-25 07:09:35.104419,Interest 3,Mobile,180.238.207.157
Viet Nam,2023-07-29 07:09:35.104425,Interest 3,Mobile,180.238.207.157
Viet Nam,2024-02-19 07:09:35.104432,Interest 3,Mobile,180.238.207.157
Viet Nam,2023-11-02 07:09:35.104440,Interest 3,Mobile,180.238.207.157
Viet Nam,2024-04-09 07:09:35.104444,Interest 3,Mobile,180.238.207.157
Viet Nam,2024-02-29 07:09:35.104449,Interest 3,Mobile,180.238.207.157
Viet Nam,2024-01-02 07:09:35.104452,Interest 3,Mobile,180.238.207.157
Viet Nam,2023-06-19 07:09:35.104455,Interest 3,Mobile,180.238.207.157
Viet Nam,2023-11-12 07:09:35.104459,Interest 3,Mobile,180.238.207.157
Viet Nam,2023-11-29 07:09:35.104462,Interest 3,Mobile,180.238.207.157
Viet Nam,2023-12-17 07:09:35.104465,Interest 3,Mobile,180.238.207.157
Viet Nam,2023-07-26 07:09:35.104469,Interest 3,Mobile,180.238.207.157
Benin,2023-11-22 07:09:35.104488,Interest 5,Mobile,140.78.221.229
Benin,2023-06-27 07:09:35.104492,Interest 5,Mobile,140.78.221.229
Benin,2023-06-02 07:09:35.104495,Interest 5,Mobile,140.78.221.229
Benin,2023-10-07 07:09:35.104499,Interest 5,Mobile,140.78.221.229
Benin,2024-01-10 07:09:35.104502,Interest 5,Mobile,140.78.221.229
Benin,2024-02-20 07:09:35.104506,Interest 5,Mobile,140.78.221.229
Benin,2023-06-14 07:09:35.104509,Interest 5,Mobile,140.78.221.229
Benin,2023-10-24 07:09:35.104512,Interest 5,Mobile,140.78.221.229
Benin,2024-05-03 07:09:35.104516,Interest 5,Mobile,140.78.221.229
Benin,2023-11-19 07:09:35.104519,Interest 5,Mobile,140.78.221.229
Benin,2023-07-31 07:09:35.104522,Interest 5,Mobile,140.78.221.229
Gambia,2024-02-16 07:09:35.104539,Interest 3,Tablet,191.82.177.249
Gambia,2023-10-02 07:09:35.104543,Interest 3,Tablet,191.82.177.249
Gambia,2023-07-21 07:09:35.104546,Interest 3,Tablet,191.82.177.249
Gambia,2023-10-29 07:09:35.104549,Interest 3,Tablet,191.82.177.249
Gambia,2024-01-25 07:09:35.104552,Interest 3,Tablet,191.82.177.249
Gambia,2024-03-22 07:09:35.104556,Interest 3,Tablet,191.82.177.249
Kuwait,2023-07-25 07:09:35.104572,Interest 2,Tablet,50.253.177.50
Kuwait,2023-11-20 07:09:35.104575,Interest 2,Tablet,50.253.177.50
Kuwait,2023-06-13 07:09:35.104579,Interest 2,Tablet,50.253.177.50
Kuwait,2023-12-27 07:09:35.104582,Interest 2,Tablet,50.253.177.50
Kuwait,2024-03-27 07:09:35.104586,Interest 2,Tablet,50.253.177.50
Kuwait,2023-10-27 07:09:35.104589,Interest 2,Tablet,50.253.177.50
Kuwait,2023-10-09 07:09:35.104592,Interest 2,Tablet,50.253.177.50
Kuwait,2023-10-13 07:09:35.104596,Interest 2,Tablet,50.253.177.50
Kuwait,2023-08-04 07:09:35.104599,Interest 2,Tablet,50.253.177.50
Kuwait,2023-12-09 07:09:35.104602,Interest 2,Tablet,50.253.177.50
Kuwait,2024-04-14 07:09:35.104605,Interest 2,Tablet,50.253.177.50
Argentina,2023-12-11 07:09:35.104622,Interest 4,Tablet,207.188.135.14
Argentina,2023-11-25 07:09:35.104647,Interest 4,Tablet,207.188.135.14
Argentina,2024-01-09 07:09:35.104659,Interest 4,Tablet,207.188.135.14
Argentina,2024-02-18 07:09:35.104664,Interest 4,Tablet,207.188.135.14
Argentina,2023-06-04 07:09:35.104669,Interest 4,Tablet,207.188.135.14
Argentina,2023-06-16 07:09:35.104673,Interest 4,Tablet,207.188.135.14
Argentina,2024-05-01 07:09:35.104676,Interest 4,Tablet,207.188.135.14
Argentina,2024-01-29 07:09:35.104680,Interest 4,Tablet,207.188.135.14
Argentina,2023-06-18 07:09:35.104683,Interest 4,Tablet,207.188.135.14
Argentina,2023-09-13 07:09:35.104687,Interest 4,Tablet,207.188.135.14
Argentina,2023-05-23 07:09:35.104690,Interest 4,Tablet,207.188.135.14
Åland Islands,2023-06-11 07:09:35.104709,Interest 1,Tablet,204.54.254.33
Åland Islands,2024-05-19 07:09:35.104713,Interest 1,Tablet,204.54.254.33
Åland Islands,2024-05-14 07:09:35.104717,Interest 1,Tablet,204.54.254.33
Åland Islands,2023-09-20 07:09:35.104720,Interest 1,Tablet,204.54.254.33
Åland Islands,2023-10-30 07:09:35.104723,Interest 1,Tablet,204.54.254.33
Viet Nam,2024-05-07 07:09:35.104846,Interest 3,Desktop,252.145.202.82
Viet Nam,2023-11-14 07:09:35.104886,Interest 3,Desktop,252.145.202.82
Viet Nam,2023-05-25 07:09:35.104892,Interest 3,Desktop,252.145.202.82
Australia,2023-09-06 07:09:35.104915,Interest 3,Tablet,18.45.252.35
China,2023-12-25 07:09:35.104964,Interest 3,Mobile,227.223.30.62
China,2024-03-28 07:09:35.104972,Interest 3,Mobile,227.223.30.62
China,2024-03-23 07:09:35.104980,Interest 3,Mobile,227.223.30.62
China,2024-05-03 07:09:35.104986,Interest 3,Mobile,227.223.30.62
China,2024-02-09 07:09:35.104993,Interest 3,Mobile,227.223.30.62
China,2024-02-02 07:09:35.105000,Interest 3,Mobile,227.223.30.62
China,2024-01-03 07:09:35.105006,Interest 3,Mobile,227.223.30.62
China,2023-11-17 07:09:35.105013,Interest 3,Mobile,227.223.30.62
China,2023-08-14 07:09:35.105020,Interest 3,Mobile,227.223.30.62
China,2024-01-23 07:09:35.105041,Interest 3,Mobile,227.223.30.62
China,2023-09-19 07:09:35.105049,Interest 3,Mobile,227.223.30.62
China,2023-09-17 07:09:35.105053,Interest 3,Mobile,227.223.30.62
China,2023-12-15 07:09:35.105057,Interest 3,Mobile,227.223.30.62
China,2023-12-05 07:09:35.105060,Interest 3,Mobile,227.223.30.62
China,2023-06-12 07:09:35.105064,Interest 3,Mobile,227.223.30.62
China,2024-03-14 07:09:35.105068,Interest 3,Mobile,227.223.30.62
China,2023-06-05 07:09:35.105071,Interest 3,Mobile,227.223.30.62
China,2023-10-06 07:09:35.105075,Interest 3,Mobile,227.223.30.62
China,2023-09-04 07:09:35.105078,Interest 3,Mobile,227.223.30.62
China,2023-10-02 07:09:35.105081,Interest 3,Mobile,227.223.30.62
Solomon Islands,2024-02-17 07:09:35.105103,Interest 5,Mobile,172.26.177.75
Solomon Islands,2023-05-30 07:09:35.105107,Interest 5,Mobile,172.26.177.75
Solomon Islands,2024-04-11 07:09:35.105111,Interest 5,Mobile,172.26.177.75
Solomon Islands,2023-12-07 07:09:35.105114,Interest 5,Mobile,172.26.177.75
Solomon Islands,2023-10-04 07:09:35.105118,Interest 5,Mobile,172.26.177.75
South Africa,2024-02-13 07:09:35.105134,Interest 3,Desktop,22.232.162.4
South Africa,2023-09-09 07:09:35.105138,Interest 3,Desktop,22.232.162.4
South Africa,2023-11-29 07:09:35.105141,Interest 3,Desktop,22.232.162.4
South Africa,2023-06-02 07:09:35.105144,Interest 3,Desktop,22.232.162.4
South Africa,2023-12-04 07:09:35.105148,Interest 3,Desktop,22.232.162.4
South Africa,2024-03-22 07:09:35.105151,Interest 3,Desktop,22.232.162.4
South Africa,2023-08-16 07:09:35.105154,Interest 3,Desktop,22.232.162.4
Namibia,2024-05-12 07:09:35.105170,Interest 2,Tablet,95.99.239.76
Namibia,2023-11-01 07:09:35.105173,Interest 2,Tablet,95.99.239.76
Namibia,2023-12-22 07:09:35.105177,Interest 2,Tablet,95.99.239.76
Namibia,2023-09-06 07:09:35.105180,Interest 2,Tablet,95.99.239.76
Namibia,2024-04-10 07:09:35.105184,Interest 2,Tablet,95.99.239.76
Namibia,2023-12-03 07:09:35.105187,Interest 2,Tablet,95.99.239.76
Namibia,2024-05-19 07:09:35.105190,Interest 2,Tablet,95.99.239.76
Namibia,2023-10-03 07:09:35.105194,Interest 2,Tablet,95.99.239.76
Namibia,2023-08-04 07:09:35.105197,Interest 2,Tablet,95.99.239.76
"Moldova, Republic of",2023-05-30 07:09:35.105214,Interest 2,Tablet,80.233.227.66
French Polynesia,2023-09-10 07:09:35.105229,Interest 2,Tablet,213.247.59.158
French Polynesia,2024-03-21 07:09:35.105232,Interest 2,Tablet,213.247.59.158
French Polynesia,2023-07-24 07:09:35.105236,Interest 2,Tablet,213.247.59.158
French Polynesia,2023-08-02 07:09:35.105239,Interest 2,Tablet,213.247.59.158
French Polynesia,2023-07-09 07:09:35.105243,Interest 2,Tablet,213.247.59.158
French Polynesia,2023-06-23 07:09:35.105246,Interest 2,Tablet,213.247.59.158
French Polynesia,2024-02-09 07:09:35.105250,Interest 2,Tablet,213.247.59.158
French Polynesia,2024-03-14 07:09:35.105253,Interest 2,Tablet,213.247.59.158
French Polynesia,2023-07-13 07:09:35.105257,Interest 2,Tablet,213.247.59.158
French Polynesia,2024-02-24 07:09:35.105260,Interest 2,Tablet,213.247.59.158
French Polynesia,2023-09-19 07:09:35.105263,Interest 2,Tablet,213.247.59.158
French Polynesia,2023-08-11 07:09:35.105267,Interest 2,Tablet,213.247.59.158
French Polynesia,2023-11-18 07:09:35.105270,Interest 2,Tablet,213.247.59.158
French Polynesia,2023-05-29 07:09:35.105273,Interest 2,Tablet,213.247.59.158
Uzbekistan,2023-07-20 07:09:35.105291,Interest 2,Mobile,115.89.232.39
Uzbekistan,2024-01-12 07:09:35.105295,Interest 2,Mobile,115.89.232.39
Uzbekistan,2024-05-10 07:09:35.105299,Interest 2,Mobile,115.89.232.39
Uzbekistan,2024-03-13 07:09:35.105302,Interest 2,Mobile,115.89.232.39
Uzbekistan,2024-02-03 07:09:35.105306,Interest 2,Mobile,115.89.232.39
Uzbekistan,2023-08-25 07:09:35.105309,Interest 2,Mobile,115.89.232.39
United Arab Emirates,2024-01-02 07:09:35.105325,Interest 4,Tablet,90.9.103.94
Antarctica,2023-05-31 07:09:35.105340,Interest 3,Tablet,115.146.3.25
Antarctica,2023-06-09 07:09:35.105343,Interest 3,Tablet,115.146.3.25
Antarctica,2024-01-04 07:09:35.105347,Interest 3,Tablet,115.146.3.25
Antarctica,2023-09-22 07:09:35.105350,Interest 3,Tablet,115.146.3.25
Antarctica,2023-08-27 07:09:35.105353,Interest 3,Tablet,115.146.3.25
Antarctica,2024-04-03 07:09:35.105357,Interest 3,Tablet,115.146.3.25
Antarctica,2024-02-22 07:09:35.105360,Interest 3,Tablet,115.146.3.25
Antarctica,2023-06-08 07:09:35.105364,Interest 3,Tablet,115.146.3.25
Antarctica,2023-08-06 07:09:35.105367,Interest 3,Tablet,115.146.3.25
Antarctica,2024-03-08 07:09:35.105371,Interest 3,Tablet,115.146.3.25
Antarctica,2023-07-10 07:09:35.105374,Interest 3,Tablet,115.146.3.25
Antarctica,2023-08-16 07:09:35.105377,Interest 3,Tablet,115.146.3.25
Antarctica,2023-10-12 07:09:35.105381,Interest 3,Tablet,115.146.3.25
Northern Mariana Islands,2024-02-09 07:09:35.105398,Interest 4,Desktop,127.113.65.124
Northern Mariana Islands,2024-04-07 07:09:35.105402,Interest 4,Desktop,127.113.65.124
Northern Mariana Islands,2023-06-21 07:09:35.105406,Interest 4,Desktop,127.113.65.124
Northern Mariana Islands,2024-04-23 07:09:35.105409,Interest 4,Desktop,127.113.65.124
Northern Mariana Islands,2023-06-21 07:09:35.105413,Interest 4,Desktop,127.113.65.124
Northern Mariana Islands,2024-02-10 07:09:35.105416,Interest 4,Desktop,127.113.65.124
Northern Mariana Islands,2024-03-02 07:09:35.105420,Interest 4,Desktop,127.113.65.124
Northern Mariana Islands,2023-09-10 07:09:35.105423,Interest 4,Desktop,127.113.65.124
Northern Mariana Islands,2023-10-10 07:09:35.105427,Interest 4,Desktop,127.113.65.124
Northern Mariana Islands,2023-05-31 07:09:35.105430,Interest 4,Desktop,127.113.65.124
Northern Mariana Islands,2023-10-24 07:09:35.105434,Interest 4,Desktop,127.113.65.124
Northern Mariana Islands,2023-09-02 07:09:35.105438,Interest 4,Desktop,127.113.65.124
Northern Mariana Islands,2024-04-22 07:09:35.105441,Interest 4,Desktop,127.113.65.124
Northern Mariana Islands,2023-11-25 07:09:35.105444,Interest 4,Desktop,127.113.65.124
Northern Mariana Islands,2023-07-18 07:09:35.105448,Interest 4,Desktop,127.113.65.124
Northern Mariana Islands,2023-12-09 07:09:35.105451,Interest 4,Desktop,127.113.65.124
Northern Mariana Islands,2023-11-01 07:09:35.105455,Interest 4,Desktop,127.113.65.124
Northern Mariana Islands,2023-05-25 07:09:35.105458,Interest 4,Desktop,127.113.65.124
Northern Mariana Islands,2024-01-18 07:09:35.105462,Interest 4,Desktop,127.113.65.124
Northern Mariana Islands,2024-02-10 07:09:35.105465,Interest 4,Desktop,127.113.65.124
Slovakia,2024-03-02 07:09:35.105489,Interest 3,Desktop,129.154.99.126
Slovakia,2024-05-02 07:09:35.105494,Interest 3,Desktop,129.154.99.126
Slovakia,2024-04-24 07:09:35.105507,Interest 3,Desktop,129.154.99.126
Slovakia,2023-10-08 07:09:35.105510,Interest 3,Desktop,129.154.99.126
Slovakia,2023-08-31 07:09:35.105513,Interest 3,Desktop,129.154.99.126
Slovakia,2024-02-06 07:09:35.105516,Interest 3,Desktop,129.154.99.126
Slovakia,2023-12-29 07:09:35.105520,Interest 3,Desktop,129.154.99.126
Slovakia,2023-06-01 07:09:35.105523,Interest 3,Desktop,129.154.99.126
Slovakia,2023-10-14 07:09:35.105526,Interest 3,Desktop,129.154.99.126
Slovakia,2023-11-20 07:09:35.105529,Interest 3,Desktop,129.154.99.126
Slovakia,2023-07-02 07:09:35.105532,Interest 3,Desktop,129.154.99.126
Slovakia,2024-03-26 07:09:35.105535,Interest 3,Desktop,129.154.99.126
Lao People's Democratic Republic,2023-05-28 07:09:35.105551,Interest 2,Tablet,105.121.108.201
Lao People's Democratic Republic,2023-12-16 07:09:35.105554,Interest 2,Tablet,105.121.108.201
Lao People's Democratic Republic,2023-10-05 07:09:35.105558,Interest 2,Tablet,105.121.108.201
Lao People's Democratic Republic,2023-10-04 07:09:35.105561,Interest 2,Tablet,105.121.108.201
Lao People's Democratic Republic,2023-11-03 07:09:35.105564,Interest 2,Tablet,105.121.108.201
Lao People's Democratic Republic,2023-12-30 07:09:35.105568,Interest 2,Tablet,105.121.108.201
Lao People's Democratic Republic,2023-10-05 07:09:35.105571,Interest 2,Tablet,105.121.108.201
Lao People's Democratic Republic,2024-04-26 07:09:35.105574,Interest 2,Tablet,105.121.108.201
Lao People's Democratic Republic,2023-08-28 07:09:35.105577,Interest 2,Tablet,105.121.108.201
Lao People's Democratic Republic,2024-03-04 07:09:35.105580,Interest 2,Tablet,105.121.108.201
Lao People's Democratic Republic,2024-05-11 07:09:35.105583,Interest 2,Tablet,105.121.108.201
Suriname,2023-09-27 07:09:35.105598,Interest 5,Desktop,42.110.245.76
Suriname,2023-08-06 07:09:35.105601,Interest 5,Desktop,42.110.245.76
Suriname,2024-01-22 07:09:35.105605,Interest 5,Desktop,42.110.245.76
Suriname,2023-08-22 07:09:35.105608,Interest 5,Desktop,42.110.245.76
Suriname,2023-06-19 07:09:35.105611,Interest 5,Desktop,42.110.245.76
Suriname,2023-09-15 07:09:35.105614,Interest 5,Desktop,42.110.245.76
Suriname,2024-01-25 07:09:35.105617,Interest 5,Desktop,42.110.245.76
Suriname,2023-10-20 07:09:35.105621,Interest 5,Desktop,42.110.245.76
Suriname,2023-07-25 07:09:35.105624,Interest 5,Desktop,42.110.245.76
Suriname,2023-07-17 07:09:35.105627,Interest 5,Desktop,42.110.245.76
Suriname,2024-02-17 07:09:35.105630,Interest 5,Desktop,42.110.245.76
Suriname,2024-04-07 07:09:35.105634,Interest 5,Desktop,42.110.245.76
Qatar,2023-09-01 07:09:35.105648,Interest 5,Desktop,164.192.160.210
Qatar,2024-02-25 07:09:35.105652,Interest 5,Desktop,164.192.160.210
Qatar,2024-01-12 07:09:35.105655,Interest 5,Desktop,164.192.160.210
Qatar,2023-07-23 07:09:35.105658,Interest 5,Desktop,164.192.160.210
Anguilla,2023-07-11 07:09:35.105672,Interest 3,Mobile,84.3.249.111
Anguilla,2023-09-08 07:09:35.105676,Interest 3,Mobile,84.3.249.111
Anguilla,2024-05-20 07:09:35.105679,Interest 3,Mobile,84.3.249.111
Anguilla,2024-03-08 07:09:35.105682,Interest 3,Mobile,84.3.249.111
Anguilla,2023-12-26 07:09:35.105685,Interest 3,Mobile,84.3.249.111
Anguilla,2024-03-18 07:09:35.105688,Interest 3,Mobile,84.3.249.111
Anguilla,2023-08-03 07:09:35.105691,Interest 3,Mobile,84.3.249.111
Anguilla,2023-10-26 07:09:35.105695,Interest 3,Mobile,84.3.249.111
Anguilla,2023-09-29 07:09:35.105698,Interest 3,Mobile,84.3.249.111
Anguilla,2023-07-26 07:09:35.105701,Interest 3,Mobile,84.3.249.111
Anguilla,2024-02-03 07:09:35.105704,Interest 3,Mobile,84.3.249.111
Trinidad and Tobago,2024-04-30 07:09:35.105719,Interest 5,Desktop,65.20.79.10
Trinidad and Tobago,2023-06-29 07:09:35.105723,Interest 5,Desktop,65.20.79.10
Trinidad and Tobago,2024-03-28 07:09:35.105726,Interest 5,Desktop,65.20.79.10
Trinidad and Tobago,2023-08-09 07:09:35.105729,Interest 5,Desktop,65.20.79.10
Trinidad and Tobago,2023-06-22 07:09:35.105732,Interest 5,Desktop,65.20.79.10
Trinidad and Tobago,2024-03-04 07:09:35.105735,Interest 5,Desktop,65.20.79.10
Trinidad and Tobago,2023-10-30 07:09:35.105739,Interest 5,Desktop,65.20.79.10
Trinidad and Tobago,2023-12-20 07:09:35.105742,Interest 5,Desktop,65.20.79.10
Trinidad and Tobago,2024-02-24 07:09:35.105745,Interest 5,Desktop,65.20.79.10
Trinidad and Tobago,2023-11-25 07:09:35.105748,Interest 5,Desktop,65.20.79.10
Trinidad and Tobago,2023-07-27 07:09:35.105751,Interest 5,Desktop,65.20.79.10
Trinidad and Tobago,2023-06-11 07:09:35.105754,Interest 5,Desktop,65.20.79.10
Monaco,2024-05-16 07:09:35.105770,Interest 2,Mobile,75.93.194.215
Monaco,2024-05-04 07:09:35.105773,Interest 2,Mobile,75.93.194.215
Monaco,2023-05-21 07:09:35.105776,Interest 2,Mobile,75.93.194.215
Monaco,2024-02-09 07:09:35.105779,Interest 2,Mobile,75.93.194.215
Monaco,2023-08-13 07:09:35.105782,Interest 2,Mobile,75.93.194.215
Monaco,2023-08-03 07:09:35.105785,Interest 2,Mobile,75.93.194.215
Monaco,2023-11-10 07:09:35.105789,Interest 2,Mobile,75.93.194.215
Monaco,2023-12-06 07:09:35.105792,Interest 2,Mobile,75.93.194.215
Monaco,2023-05-24 07:09:35.105795,Interest 2,Mobile,75.93.194.215
Monaco,2023-07-21 07:09:35.105798,Interest 2,Mobile,75.93.194.215
Monaco,2023-05-31 07:09:35.105801,Interest 2,Mobile,75.93.194.215
Cook Islands,2023-07-04 07:09:35.105816,Interest 5,Tablet,132.224.54.84
Cook Islands,2023-07-25 07:09:35.105819,Interest 5,Tablet,132.224.54.84
Cook Islands,2023-08-24 07:09:35.105822,Interest 5,Tablet,132.224.54.84
Cook Islands,2024-02-22 07:09:35.105826,Interest 5,Tablet,132.224.54.84
Guernsey,2024-03-04 07:09:35.105839,Interest 1,Desktop,78.75.172.206
Guernsey,2023-09-12 07:09:35.105842,Interest 1,Desktop,78.75.172.206
Guernsey,2023-12-10 07:09:35.105846,Interest 1,Desktop,78.75.172.206
Guernsey,2023-09-06 07:09:35.105849,Interest 1,Desktop,78.75.172.206
Guernsey,2024-03-30 07:09:35.105852,Interest 1,Desktop,78.75.172.206
Guernsey,2023-08-13 07:09:35.105855,Interest 1,Desktop,78.75.172.206
Guernsey,2024-05-08 07:09:35.105858,Interest 1,Desktop,78.75.172.206
Guernsey,2023-06-05 07:09:35.105861,Interest 1,Desktop,78.75.172.206
Guernsey,2023-12-04 07:09:35.105865,Interest 1,Desktop,78.75.172.206
Guernsey,2023-08-30 07:09:35.105868,Interest 1,Desktop,78.75.172.206
Guernsey,2024-03-02 07:09:35.105871,Interest 1,Desktop,78.75.172.206
Guernsey,2024-04-23 07:09:35.105874,Interest 1,Desktop,78.75.172.206
Guernsey,2024-05-15 07:09:35.105877,Interest 1,Desktop,78.75.172.206
Guernsey,2024-01-27 07:09:35.105881,Interest 1,Desktop,78.75.172.206
Guernsey,2023-09-14 07:09:35.105884,Interest 1,Desktop,78.75.172.206
Guernsey,2023-07-27 07:09:35.105887,Interest 1,Desktop,78.75.172.206
Guernsey,2024-01-03 07:09:35.105890,Interest 1,Desktop,78.75.172.206
Guernsey,2024-01-16 07:09:35.105893,Interest 1,Desktop,78.75.172.206
Guernsey,2023-06-14 07:09:35.105897,Interest 1,Desktop,78.75.172.206
Guernsey,2023-12-16 07:09:35.105900,Interest 1,Desktop,78.75.172.206
Cocos (Keeling) Islands,2024-05-09 07:09:35.105917,Interest 5,Desktop,171.166.159.64
Cocos (Keeling) Islands,2023-08-28 07:09:35.105921,Interest 5,Desktop,171.166.159.64
Cocos (Keeling) Islands,2023-12-13 07:09:35.105924,Interest 5,Desktop,171.166.159.64
Cocos (Keeling) Islands,2023-11-09 07:09:35.105927,Interest 5,Desktop,171.166.159.64
Cocos (Keeling) Islands,2024-02-01 07:09:35.105930,Interest 5,Desktop,171.166.159.64
Cocos (Keeling) Islands,2023-08-23 07:09:35.105933,Interest 5,Desktop,171.166.159.64
Cocos (Keeling) Islands,2023-08-16 07:09:35.105936,Interest 5,Desktop,171.166.159.64
Cocos (Keeling) Islands,2024-01-31 07:09:35.105939,Interest 5,Desktop,171.166.159.64
Cocos (Keeling) Islands,2024-05-16 07:09:35.105942,Interest 5,Desktop,171.166.159.64
Cocos (Keeling) Islands,2023-10-11 07:09:35.105946,Interest 5,Desktop,171.166.159.64
Cocos (Keeling) Islands,2024-01-01 07:09:35.105949,Interest 5,Desktop,171.166.159.64
Cocos (Keeling) Islands,2024-01-31 07:09:35.105953,Interest 5,Desktop,171.166.159.64
Cocos (Keeling) Islands,2023-10-29 07:09:35.105956,Interest 5,Desktop,171.166.159.64
Cocos (Keeling) Islands,2024-01-15 07:09:35.105959,Interest 5,Desktop,171.166.159.64
Cocos (Keeling) Islands,2023-12-10 07:09:35.105962,Interest 5,Desktop,171.166.159.64
Cocos (Keeling) Islands,2023-10-26 07:09:35.105965,Interest 5,Desktop,171.166.159.64
Cocos (Keeling) Islands,2023-09-15 07:09:35.105968,Interest 5,Desktop,171.166.159.64
Malawi,2023-10-30 07:09:35.105985,Interest 2,Desktop,162.164.1.154
Malawi,2024-01-19 07:09:35.105988,Interest 2,Desktop,162.164.1.154
Malawi,2023-08-09 07:09:35.105991,Interest 2,Desktop,162.164.1.154
Malawi,2024-03-29 07:09:35.105995,Interest 2,Desktop,162.164.1.154
Malawi,2023-08-06 07:09:35.105998,Interest 2,Desktop,162.164.1.154
Malawi,2023-08-11 07:09:35.106001,Interest 2,Desktop,162.164.1.154
Malawi,2023-08-01 07:09:35.106004,Interest 2,Desktop,162.164.1.154
Malawi,2023-08-08 07:09:35.106007,Interest 2,Desktop,162.164.1.154
Malawi,2023-06-15 07:09:35.106010,Interest 2,Desktop,162.164.1.154
Malawi,2023-10-26 07:09:35.106014,Interest 2,Desktop,162.164.1.154
North Macedonia,2024-04-29 07:09:35.106028,Interest 2,Desktop,142.79.158.172
North Macedonia,2024-01-26 07:09:35.106032,Interest 2,Desktop,142.79.158.172
North Macedonia,2024-04-15 07:09:35.106035,Interest 2,Desktop,142.79.158.172
Ghana,2023-08-03 07:09:35.106049,Interest 2,Mobile,208.115.120.236
Ghana,2024-02-04 07:09:35.106052,Interest 2,Mobile,208.115.120.236
Ghana,2023-05-31 07:09:35.106055,Interest 2,Mobile,208.115.120.236
Ghana,2023-11-08 07:09:35.106059,Interest 2,Mobile,208.115.120.236
Ghana,2023-12-13 07:09:35.106062,Interest 2,Mobile,208.115.120.236
Ghana,2023-06-11 07:09:35.106065,Interest 2,Mobile,208.115.120.236
Ghana,2023-10-15 07:09:35.106068,Interest 2,Mobile,208.115.120.236
Ghana,2024-03-25 07:09:35.106071,Interest 2,Mobile,208.115.120.236
Ghana,2023-09-29 07:09:35.106074,Interest 2,Mobile,208.115.120.236
Ghana,2023-11-29 07:09:35.106078,Interest 2,Mobile,208.115.120.236
Ghana,2023-11-27 07:09:35.106081,Interest 2,Mobile,208.115.120.236
Ghana,2024-03-07 07:09:35.106084,Interest 2,Mobile,208.115.120.236
Ghana,2023-06-01 07:09:35.106087,Interest 2,Mobile,208.115.120.236
New Zealand,2023-10-03 07:09:35.106102,Interest 1,Desktop,99.215.29.64
New Zealand,2024-02-17 07:09:35.106105,Interest 1,Desktop,99.215.29.64
New Zealand,2024-05-07 07:09:35.106108,Interest 1,Desktop,99.215.29.64
New Zealand,2024-04-05 07:09:35.106111,Interest 1,Desktop,99.215.29.64
New Zealand,2023-08-31 07:09:35.106114,Interest 1,Desktop,99.215.29.64
New Zealand,2023-09-02 07:09:35.106117,Interest 1,Desktop,99.215.29.64
New Zealand,2023-08-16 07:09:35.106121,Interest 1,Desktop,99.215.29.64
New Zealand,2024-03-06 07:09:35.106124,Interest 1,Desktop,99.215.29.64
New Zealand,2024-03-13 07:09:35.106127,Interest 1,Desktop,99.215.29.64
New Zealand,2023-08-02 07:09:35.106130,Interest 1,Desktop,99.215.29.64
Monaco,2024-04-03 07:09:35.106145,Interest 1,Tablet,178.209.252.184
Monaco,2023-07-22 07:09:35.106148,Interest 1,Tablet,178.209.252.184
Monaco,2023-07-11 07:09:35.106152,Interest 1,Tablet,178.209.252.184
Monaco,2023-12-01 07:09:35.106155,Interest 1,Tablet,178.209.252.184
Monaco,2023-06-19 07:09:35.106158,Interest 1,Tablet,178.209.252.184
Monaco,2024-01-07 07:09:35.106161,Interest 1,Tablet,178.209.252.184
Monaco,2024-02-17 07:09:35.106164,Interest 1,Tablet,178.209.252.184
Monaco,2024-03-04 07:09:35.106167,Interest 1,Tablet,178.209.252.184
Monaco,2024-05-09 07:09:35.106170,Interest 1,Tablet,178.209.252.184
Monaco,2024-02-08 07:09:35.106173,Interest 1,Tablet,178.209.252.184
Monaco,2023-08-09 07:09:35.106176,Interest 1,Tablet,178.209.252.184
Monaco,2024-01-18 07:09:35.106179,Interest 1,Tablet,178.209.252.184
Monaco,2023-11-23 07:09:35.106182,Interest 1,Tablet,178.209.252.184
Monaco,2023-08-14 07:09:35.106185,Interest 1,Tablet,178.209.252.184
Monaco,2024-04-12 07:09:35.106189,Interest 1,Tablet,178.209.252.184
Monaco,2024-01-21 07:09:35.106192,Interest 1,Tablet,178.209.252.184
Monaco,2023-12-19 07:09:35.106195,Interest 1,Tablet,178.209.252.184
Monaco,2023-12-02 07:09:35.106198,Interest 1,Tablet,178.209.252.184
New Caledonia,2023-09-18 07:09:35.106214,Interest 2,Desktop,84.153.3.2
New Caledonia,2023-09-12 07:09:35.106218,Interest 2,Desktop,84.153.3.2
New Caledonia,2024-04-26 07:09:35.106221,Interest 2,Desktop,84.153.3.2
New Caledonia,2023-05-24 07:09:35.106224,Interest 2,Desktop,84.153.3.2
New Caledonia,2024-04-14 07:09:35.106227,Interest 2,Desktop,84.153.3.2
New Caledonia,2023-11-23 07:09:35.106231,Interest 2,Desktop,84.153.3.2
New Caledonia,2024-04-03 07:09:35.106234,Interest 2,Desktop,84.153.3.2
New Caledonia,2023-11-30 07:09:35.106237,Interest 2,Desktop,84.153.3.2
New Caledonia,2024-02-08 07:09:35.106240,Interest 2,Desktop,84.153.3.2
New Caledonia,2024-03-18 07:09:35.106243,Interest 2,Desktop,84.153.3.2
New Caledonia,2023-07-09 07:09:35.106246,Interest 2,Desktop,84.153.3.2
New Caledonia,2023-11-07 07:09:35.106249,Interest 2,Desktop,84.153.3.2
New Caledonia,2023-11-30 07:09:35.106252,Interest 2,Desktop,84.153.3.2
New Caledonia,2024-05-17 07:09:35.106256,Interest 2,Desktop,84.153.3.2
New Caledonia,2023-07-22 07:09:35.106259,Interest 2,Desktop,84.153.3.2
New Caledonia,2023-06-27 07:09:35.106262,Interest 2,Desktop,84.153.3.2
New Caledonia,2024-02-22 07:09:35.106265,Interest 2,Desktop,84.153.3.2
New Caledonia,2023-07-22 07:09:35.106268,Interest 2,Desktop,84.153.3.2
New Caledonia,2024-02-14 07:09:35.106271,Interest 2,Desktop,84.153.3.2
Mayotte,2024-02-19 07:09:35.106288,Interest 2,Mobile,160.116.187.124
Mayotte,2023-10-01 07:09:35.106292,Interest 2,Mobile,160.116.187.124
Mayotte,2023-08-05 07:09:35.106295,Interest 2,Mobile,160.116.187.124
Mayotte,2024-03-19 07:09:35.106298,Interest 2,Mobile,160.116.187.124
Mayotte,2023-10-12 07:09:35.106301,Interest 2,Mobile,160.116.187.124
Mayotte,2023-09-23 07:09:35.106304,Interest 2,Mobile,160.116.187.124
Mayotte,2023-12-19 07:09:35.106307,Interest 2,Mobile,160.116.187.124
Barbados,2023-10-23 07:09:35.106321,Interest 3,Tablet,53.40.152.151
Barbados,2023-07-07 07:09:35.106324,Interest 3,Tablet,53.40.152.151
Barbados,2023-06-09 07:09:35.106328,Interest 3,Tablet,53.40.152.151
Barbados,2024-05-12 07:09:35.106331,Interest 3,Tablet,53.40.152.151
Barbados,2023-10-28 07:09:35.106334,Interest 3,Tablet,53.40.152.151
Eswatini,2023-07-08 07:09:35.106348,Interest 3,Mobile,117.13.250.220
Eswatini,2023-10-03 07:09:35.106351,Interest 3,Mobile,117.13.250.220
Eswatini,2023-12-02 07:09:35.106355,Interest 3,Mobile,117.13.250.220
Eswatini,2023-12-08 07:09:35.106358,Interest 3,Mobile,117.13.250.220
Eswatini,2023-08-13 07:09:35.106361,Interest 3,Mobile,117.13.250.220
Eswatini,2023-12-12 07:09:35.106364,Interest 3,Mobile,117.13.250.220
Congo,2023-07-24 07:09:35.106378,Interest 3,Tablet,226.98.92.204
Congo,2023-12-14 07:09:35.106381,Interest 3,Tablet,226.98.92.204
Congo,2023-09-16 07:09:35.106385,Interest 3,Tablet,226.98.92.204
Congo,2023-10-25 07:09:35.106388,Interest 3,Tablet,226.98.92.204
Congo,2023-06-19 07:09:35.106391,Interest 3,Tablet,226.98.92.204
Congo,2023-08-31 07:09:35.106394,Interest 3,Tablet,226.98.92.204
Congo,2023-07-07 07:09:35.106397,Interest 3,Tablet,226.98.92.204
Congo,2023-10-26 07:09:35.106400,Interest 3,Tablet,226.98.92.204
Czechia,2023-10-07 07:09:35.106414,Interest 5,Mobile,251.113.235.127
Czechia,2023-09-27 07:09:35.106418,Interest 5,Mobile,251.113.235.127
Czechia,2023-12-03 07:09:35.106421,Interest 5,Mobile,251.113.235.127
Czechia,2024-01-29 07:09:35.106424,Interest 5,Mobile,251.113.235.127
Czechia,2023-09-19 07:09:35.106427,Interest 5,Mobile,251.113.235.127
Czechia,2023-09-13 07:09:35.106430,Interest 5,Mobile,251.113.235.127
Czechia,2023-07-19 07:09:35.106433,Interest 5,Mobile,251.113.235.127
Czechia,2023-08-21 07:09:35.106437,Interest 5,Mobile,251.113.235.127
Czechia,2023-09-27 07:09:35.106440,Interest 5,Mobile,251.113.235.127
Czechia,2023-10-20 07:09:35.106443,Interest 5,Mobile,251.113.235.127
Czechia,2023-09-04 07:09:35.106446,Interest 5,Mobile,251.113.235.127
Czechia,2024-04-29 07:09:35.106450,Interest 5,Mobile,251.113.235.127
Czechia,2023-05-31 07:09:35.106453,Interest 5,Mobile,251.113.235.127
Czechia,2023-09-17 07:09:35.106456,Interest 5,Mobile,251.113.235.127
Czechia,2023-06-27 07:09:35.106459,Interest 5,Mobile,251.113.235.127
Paraguay,2023-09-24 07:09:35.106475,Interest 3,Mobile,28.101.214.7
